{
  "Cloud": {
    "Mode": "local",
    "Debug": {
      "BreakOnStartup": false,
      "ShowConsole": true,
    },
    "Performance": {
      "MaxFPS": 30
    },
    "CommandRecording": {
      "Filename": "",
      "FileMaxSizeMB": 0,
      "IgnoreServerCache": false
    },
    "Network": {
      "GamePort": 60001,
      "VideoPort": 60000,
    },
    "Profile": {
      "Enabled": false,
      "LogEnabled": false,
      "RemoteLog": false
    },
    "Session": {
      "GameId": "Test",
      "TokenTimeoutSec": 120,
      "Token": "2OqFxPXSZlz9urM4DLU05wjND2WPtgruBW6ru3gmso4UwxnHb40ZMsuJ3LaqIQ8q"
    },
    "Audio": {
      "Enable": true
    },
    "Local": {
        "EncoderThreads": 2,
        "VideoPort": 60000,
        "MaxRenderingFrames": 3,
        "MaxEncodingFrames": 5,
    },
    "CloudCore": {
      "D3D9": "CloudCoreClient.dll",
      "D3D11": "CloudCoreClient.dll",
      "XInput": "CloudCoreClient.dll"
    }
  }
}